<?xml version="1.0"?>
<Data>
  <Tables>
    <Table>
      <Schema>
        <Name>Global</Name>
        <Field>
          <Name>value</Name>
          <Type>decimal</Type>
        </Field>
        <Field>
          <Name>text</Name>
          <Type>string</Type>
        </Field>
      </Schema>
      <Row>
        <id>1</id>
        <name>Walk Speed</name>
        <value>5</value>
        <text />
      </Row>
    </Table>
    <Table>
      <Schema>
        <Name>Artwork</Name>
        <Field>
          <Name>path</Name>
          <Type>string</Type>
        </Field>
        <Field>
          <Name>width</Name>
          <Type>int</Type>
        </Field>
        <Field>
          <Name>height</Name>
          <Type>int</Type>
        </Field>
      </Schema>
      <Row>
        <id>0</id>
        <name>No Artwork</name>
        <path />
        <width>0</width>
        <height>0</height>
      </Row>
      <Row>
        <id>1</id>
        <name>Explorer</name>
        <path>gfx/explorer_x128.png</path>
        <width>128</width>
        <height>128</height>
      </Row>
      <Row>
        <id>2</id>
        <name>Room</name>
        <path>gfx/room.png</path>
        <width>800</width>
        <height>400</height>
      </Row>
      <Row>
        <id>3</id>
        <name>Stuff</name>
        <path>gfx/stuff.png</path>
        <width>64</width>
        <height>64</height>
      </Row>
      <Row>
        <id>4</id>
        <name>Final Boss</name>
        <path>gfx/final_boss.png</path>
        <width>256</width>
        <height>256</height>
      </Row>
      <Row>
        <id>7</id>
        <name>Title Screen</name>
        <path>gfx/title_page.png</path>
        <width>800</width>
        <height>400</height>
      </Row>
      <Row>
        <id>10</id>
        <name>Game Over Screen</name>
        <path>gfx/game_over_page.png</path>
        <width>800</width>
        <height>400</height>
      </Row>
    </Table>
    <Table>
      <Schema>
        <Name>Room Object</Name>
        <Field>
          <Name>artwork</Name>
          <Type>lookup</Type>
          <Lookup>Artwork</Lookup>
        </Field>
        <Field>
          <Name>artIndex</Name>
          <Type>int</Type>
        </Field>
        <Field>
          <Name>description</Name>
          <Type>string</Type>
        </Field>
        <Field>
          <Name>pickupSound</Name>
          <Type>lookup</Type>
          <Lookup>Audio</Lookup>
        </Field>
      </Schema>
      <Row>
        <id>1</id>
        <name>No object</name>
        <artwork>0</artwork>
        <artIndex>-1</artIndex>
        <description />
        <pickupSound />
      </Row>
      <Row>
        <id>2</id>
        <name>Waste Paper 1</name>
        <artwork>3</artwork>
        <artIndex>0</artIndex>
        <description>Scrap paper on the ground, scrawled with incomprensible notes</description>
        <pickupSound>13</pickupSound>
      </Row>
      <Row>
        <id>3</id>
        <name>Waste Paper 2</name>
        <artwork>3</artwork>
        <artIndex>1</artIndex>
        <description>More of this scrap paper, covered in tears and coffee</description>
        <pickupSound>14</pickupSound>
      </Row>
      <Row>
        <id>4</id>
        <name>Left Arrow</name>
        <artwork>3</artwork>
        <artIndex>2</artIndex>
        <description>Stroll to the left</description>
        <pickupSound>10</pickupSound>
      </Row>
      <Row>
        <id>5</id>
        <name>Right Arrow</name>
        <artwork>3</artwork>
        <artIndex>3</artIndex>
        <description>Stroll to the right</description>
        <pickupSound>10</pickupSound>
      </Row>
      <Row>
        <id>6</id>
        <name>Space Bar</name>
        <artwork>3</artwork>
        <artIndex>4</artIndex>
        <description>Pick and push and flick and drop and things</description>
        <pickupSound>0</pickupSound>
      </Row>
      <Row>
        <id>7</id>
        <name>Waste Basket</name>
        <artwork>3</artwork>
        <artIndex>5</artIndex>
        <description>One of those waste paper basket things</description>
        <pickupSound>4</pickupSound>
      </Row>
      <Row>
        <id>8</id>
        <name>TV</name>
        <artwork>3</artwork>
        <artIndex>6</artIndex>
        <description>One of those old school televisions</description>
        <pickupSound>8</pickupSound>
      </Row>
      <Row>
        <id>9</id>
        <name>Star</name>
        <artwork>3</artwork>
        <artIndex>7</artIndex>
        <description>A bright shining star</description>
        <pickupSound>9</pickupSound>
      </Row>
      <Row>
        <id>10</id>
        <name>Bar</name>
        <artwork>3</artwork>
        <artIndex>8</artIndex>
        <description>A dull and uninspiring block</description>
        <pickupSound>3</pickupSound>
      </Row>
      <Row>
        <id>11</id>
        <name>Box</name>
        <artwork>3</artwork>
        <artIndex>9</artIndex>
        <description>A box that can accept some sort of token</description>
        <pickupSound>13</pickupSound>
      </Row>
      <Row>
        <id>12</id>
        <name>Lamp Off</name>
        <artwork>3</artwork>
        <artIndex>10</artIndex>
        <description>A lamp, without power</description>
        <pickupSound>14</pickupSound>
      </Row>
      <Row>
        <id>13</id>
        <name>Pass Card</name>
        <artwork>3</artwork>
        <artIndex>11</artIndex>
        <description>A pass card</description>
        <pickupSound>7</pickupSound>
      </Row>
      <Row>
        <id>14</id>
        <name>Plug Off</name>
        <artwork>3</artwork>
        <artIndex>12</artIndex>
        <description>Futuristic plug socket</description>
        <pickupSound>2</pickupSound>
      </Row>
      <Row>
        <id>15</id>
        <name>Light Switch On</name>
        <artwork>3</artwork>
        <artIndex>13</artIndex>
        <description>Turn the lights off</description>
        <pickupSound>8</pickupSound>
      </Row>
      <Row>
        <id>16</id>
        <name>Light Switch Off</name>
        <artwork>3</artwork>
        <artIndex>14</artIndex>
        <description>Turn the lights on</description>
        <pickupSound>6</pickupSound>
      </Row>
      <Row>
        <id>17</id>
        <name>Table</name>
        <artwork>3</artwork>
        <artIndex>15</artIndex>
        <description>A small table</description>
        <pickupSound>13</pickupSound>
      </Row>
      <Row>
        <id>19</id>
        <name>Telephone</name>
        <artwork>3</artwork>
        <artIndex>16</artIndex>
        <description>Ring ring... ring ring? Sure is lonely in here</description>
        <pickupSound>7</pickupSound>
      </Row>
      <Row>
        <id>20</id>
        <name>Plant</name>
        <artwork>3</artwork>
        <artIndex>17</artIndex>
        <description>Chlorophyll in action</description>
        <pickupSound>12</pickupSound>
      </Row>
      <Row>
        <id>21</id>
        <name>Down Arrow</name>
        <artwork>3</artwork>
        <artIndex>18</artIndex>
        <description>Move a little closer</description>
        <pickupSound>10</pickupSound>
      </Row>
      <Row>
        <id>23</id>
        <name>Up Arrow</name>
        <artwork>3</artwork>
        <artIndex>19</artIndex>
        <description>Move a little further</description>
        <pickupSound>10</pickupSound>
      </Row>
      <Row>
        <id>24</id>
        <name>Space Bar Down</name>
        <artwork>3</artwork>
        <artIndex>20</artIndex>
        <description>Toggle and tinkle and throw your toys around</description>
        <pickupSound>1</pickupSound>
      </Row>
      <Row>
        <id>25</id>
        <name>Broken TV</name>
        <artwork>3</artwork>
        <artIndex>21</artIndex>
        <description>Nasty things, destroy them all</description>
        <pickupSound>11</pickupSound>
      </Row>
      <Row>
        <id>26</id>
        <name>Star Level 1</name>
        <artwork>3</artwork>
        <artIndex>22</artIndex>
        <description>Prettier then the last one</description>
        <pickupSound>10</pickupSound>
      </Row>
      <Row>
        <id>27</id>
        <name>Star Level 2</name>
        <artwork>3</artwork>
        <artIndex>23</artIndex>
        <description>Shinier then ever</description>
        <pickupSound>10</pickupSound>
      </Row>
      <Row>
        <id>28</id>
        <name>Star Level 3</name>
        <artwork>3</artwork>
        <artIndex>24</artIndex>
        <description>Glossy in the middle</description>
        <pickupSound>10</pickupSound>
      </Row>
      <Row>
        <id>29</id>
        <name>Star Level 4</name>
        <artwork>3</artwork>
        <artIndex>25</artIndex>
        <description>Brighter then a baby's bottom</description>
        <pickupSound>10</pickupSound>
      </Row>
      <Row>
        <id>30</id>
        <name>Star Level 5</name>
        <artwork>3</artwork>
        <artIndex>26</artIndex>
        <description>Blinging!</description>
        <pickupSound>10</pickupSound>
      </Row>
      <Row>
        <id>31</id>
        <name>Plug On</name>
        <artwork>3</artwork>
        <artIndex>27</artIndex>
        <description>Socket glowing with arcane energies</description>
        <pickupSound>12</pickupSound>
      </Row>
      <Row>
        <id>36</id>
        <name>Bar Green</name>
        <artwork>3</artwork>
        <artIndex>28</artIndex>
        <description>A bar made of green, possibly edible</description>
        <pickupSound>3</pickupSound>
      </Row>
      <Row>
        <id>38</id>
        <name>Lamp On</name>
        <artwork>3</artwork>
        <artIndex>29</artIndex>
        <description>Its turned on if you know what I mean</description>
        <pickupSound>4</pickupSound>
      </Row>
      <Row>
        <id>40</id>
        <name>Card Machine On</name>
        <artwork>3</artwork>
        <artIndex>30</artIndex>
        <description>Processing! Processing! Processing!</description>
        <pickupSound>10</pickupSound>
      </Row>
    </Table>
    <Table>
      <Schema>
        <Name>Audio</Name>
        <Field>
          <Name>path</Name>
          <Type>string</Type>
        </Field>
      </Schema>
      <Row>
        <id>0</id>
        <name>Blip Select</name>
        <path>sfx/Blip_Select.mp3</path>
      </Row>
      <Row>
        <id>1</id>
        <name>Bloople</name>
        <path>sfx/Bloople.mp3</path>
      </Row>
      <Row>
        <id>2</id>
        <name>Bounce</name>
        <path>sfx/Bounce.mp3</path>
      </Row>
      <Row>
        <id>3</id>
        <name>Deung</name>
        <path>sfx/Dueng.mp3</path>
      </Row>
      <Row>
        <id>4</id>
        <name>Dupe</name>
        <path>sfx/Dupe.mp3</path>
      </Row>
      <Row>
        <id>5</id>
        <name>Explosion</name>
        <path>sfx/Explosion.mp3</path>
      </Row>
      <Row>
        <id>6</id>
        <name>Pewt</name>
        <path>sfx/Pewt.mp3</path>
      </Row>
      <Row>
        <id>7</id>
        <name>Pickup Coin</name>
        <path>sfx/Pickup_Coin.mp3</path>
      </Row>
      <Row>
        <id>8</id>
        <name>Piew</name>
        <path>sfx/Piew.mp3</path>
      </Row>
      <Row>
        <id>9</id>
        <name>Ping Blip</name>
        <path>sfx/Ping Blip.mp3</path>
      </Row>
      <Row>
        <id>10</id>
        <name>Powerup</name>
        <path>sfx/Powerup.mp3</path>
      </Row>
      <Row>
        <id>11</id>
        <name>Scream Explode</name>
        <path>sfx/Scream Explode.mp3</path>
      </Row>
      <Row>
        <id>12</id>
        <name>Squeel</name>
        <path>sfx/Squeel.mp3</path>
      </Row>
      <Row>
        <id>13</id>
        <name>Thuck</name>
        <path>sfx/Thuck.mp3</path>
      </Row>
      <Row>
        <id>14</id>
        <name>Thuckle</name>
        <path>sfx/Thuckle.mp3</path>
      </Row>
    </Table>
  </Tables>
</Data>